[
{
    "model": "news.tag",
    "pk": 1,
    "fields": {
        "name": "россия"
    }
},
{
    "model": "news.tag",
    "pk": 2,
    "fields": {
        "name": "бывший ссср"
    }
},
{
    "model": "news.tag",
    "pk": 3,
    "fields": {
        "name": "ozon"
    }
},
{
    "model": "news.tag",
    "pk": 4,
    "fields": {
        "name": "осужденные"
    }
},
{
    "model": "news.tag",
    "pk": 5,
    "fields": {
        "name": "работа"
    }
},
{
    "model": "news.tag",
    "pk": 6,
    "fields": {
        "name": "днр"
    }
},
{
    "model": "news.tag",
    "pk": 7,
    "fields": {
        "name": "студенты"
    }
},
{
    "model": "news.tag",
    "pk": 8,
    "fields": {
        "name": "вузы"
    }
},
{
    "model": "news.tag",
    "pk": 9,
    "fields": {
        "name": "дистанционное обучение"
    }
},
{
    "model": "news.tag",
    "pk": 10,
    "fields": {
        "name": "владимир путин"
    }
},
{
    "model": "news.tag",
    "pk": 11,
    "fields": {
        "name": "американские санкции"
    }
},
{
    "model": "news.tag",
    "pk": 12,
    "fields": {
        "name": "сша"
    }
},
{
    "model": "news.tag",
    "pk": 13,
    "fields": {
        "name": "сербия"
    }
},
{
    "model": "news.tag",
    "pk": 14,
    "fields": {
        "name": "прокуратура"
    }
},
{
    "model": "news.tag",
    "pk": 15,
    "fields": {
        "name": "арест"
    }
},
{
    "model": "news.tag",
    "pk": 16,
    "fields": {
        "name": "обвинения"
    }
},
{
    "model": "news.tag",
    "pk": 17,
    "fields": {
        "name": "инженер"
    }
},
{
    "model": "news.tag",
    "pk": 18,
    "fields": {
        "name": "тц"
    }
},
{
    "model": "news.tag",
    "pk": 19,
    "fields": {
        "name": "прорыв трубы"
    }
},
{
    "model": "news.tag",
    "pk": 20,
    "fields": {
        "name": "дроны"
    }
},
{
    "model": "news.tag",
    "pk": 21,
    "fields": {
        "name": "москва"
    }
},
{
    "model": "news.tag",
    "pk": 22,
    "fields": {
        "name": "беспилотники"
    }
},
{
    "model": "news.tag",
    "pk": 23,
    "fields": {
        "name": "атаки"
    }
},
{
    "model": "news.tag",
    "pk": 24,
    "fields": {
        "name": "дональд трамп"
    }
},
{
    "model": "news.tag",
    "pk": 25,
    "fields": {
        "name": "джо байден"
    }
},
{
    "model": "news.tag",
    "pk": 26,
    "fields": {
        "name": "боеприпасы"
    }
},
{
    "model": "news.tag",
    "pk": 27,
    "fields": {
        "name": "сергей аксенов"
    }
},
{
    "model": "news.tag",
    "pk": 28,
    "fields": {
        "name": "железная дорога"
    }
},
{
    "model": "news.tag",
    "pk": 29,
    "fields": {
        "name": "крымская железная дорога"
    }
},
{
    "model": "news.tag",
    "pk": 30,
    "fields": {
        "name": "движение поездов"
    }
},
{
    "model": "news.tag",
    "pk": 31,
    "fields": {
        "name": "взрывы"
    }
},
{
    "model": "news.tag",
    "pk": 32,
    "fields": {
        "name": "нато"
    }
},
{
    "model": "news.tag",
    "pk": 33,
    "fields": {
        "name": "украина"
    }
},
{
    "model": "news.tag",
    "pk": 34,
    "fields": {
        "name": "сергей собянин"
    }
},
{
    "model": "news.tag",
    "pk": 35,
    "fields": {
        "name": "одесса"
    }
},
{
    "model": "news.tag",
    "pk": 36,
    "fields": {
        "name": "порт"
    }
},
{
    "model": "news.tag",
    "pk": 37,
    "fields": {
        "name": "минстрой"
    }
},
{
    "model": "news.tag",
    "pk": 38,
    "fields": {
        "name": "ирек файзуллин"
    }
},
{
    "model": "news.tag",
    "pk": 39,
    "fields": {
        "name": "строительство"
    }
},
{
    "model": "news.tag",
    "pk": 40,
    "fields": {
        "name": "ключевая ставка"
    }
},
{
    "model": "news.tag",
    "pk": 41,
    "fields": {
        "name": "цб"
    }
},
{
    "model": "news.tag",
    "pk": 42,
    "fields": {
        "name": "центробанк"
    }
},
{
    "model": "news.tag",
    "pk": 43,
    "fields": {
        "name": "экспорт бензина"
    }
},
{
    "model": "news.tag",
    "pk": 44,
    "fields": {
        "name": "топливо"
    }
},
{
    "model": "news.tag",
    "pk": 45,
    "fields": {
        "name": "нпз"
    }
},
{
    "model": "news.tag",
    "pk": 46,
    "fields": {
        "name": "цены на бензин"
    }
},
{
    "model": "news.tag",
    "pk": 47,
    "fields": {
        "name": "минэнерго"
    }
},
{
    "model": "news.tag",
    "pk": 48,
    "fields": {
        "name": "александр новак"
    }
},
{
    "model": "news.tag",
    "pk": 49,
    "fields": {
        "name": "иркутская область"
    }
},
{
    "model": "news.tag",
    "pk": 50,
    "fields": {
        "name": "ребенок"
    }
},
{
    "model": "news.tag",
    "pk": 51,
    "fields": {
        "name": "молния"
    }
},
{
    "model": "news.tag",
    "pk": 52,
    "fields": {
        "name": "баня"
    }
},
{
    "model": "news.tag",
    "pk": 53,
    "fields": {
        "name": "алексей арестович"
    }
},
{
    "model": "news.tag",
    "pk": 54,
    "fields": {
        "name": "всу"
    }
},
{
    "model": "news.tag",
    "pk": 55,
    "fields": {
        "name": "госдума"
    }
},
{
    "model": "news.tag",
    "pk": 56,
    "fields": {
        "name": "законопроект"
    }
},
{
    "model": "news.tag",
    "pk": 57,
    "fields": {
        "name": "мус"
    }
},
{
    "model": "news.tag",
    "pk": 58,
    "fields": {
        "name": "василий пискарев"
    }
},
{
    "model": "news.tag",
    "pk": 59,
    "fields": {
        "name": "уголовный кодекс"
    }
},
{
    "model": "news.tag",
    "pk": 60,
    "fields": {
        "name": "международный уголовный суд"
    }
},
{
    "model": "news.tag",
    "pk": 61,
    "fields": {
        "name": "военная операция на украине"
    }
},
{
    "model": "news.tag",
    "pk": 62,
    "fields": {
        "name": "мария захарова"
    }
},
{
    "model": "news.tag",
    "pk": 63,
    "fields": {
        "name": "терроризм"
    }
},
{
    "model": "news.tag",
    "pk": 64,
    "fields": {
        "name": "финансовая пирамида"
    }
},
{
    "model": "news.tag",
    "pk": 65,
    "fields": {
        "name": "онлайн-игры"
    }
},
{
    "model": "news.tag",
    "pk": 66,
    "fields": {
        "name": "задержка поезда"
    }
},
{
    "model": "news.tag",
    "pk": 67,
    "fields": {
        "name": "крым"
    }
},
{
    "model": "news.tag",
    "pk": 68,
    "fields": {
        "name": "джанкой"
    }
},
{
    "model": "news.tag",
    "pk": 69,
    "fields": {
        "name": "платная парковка"
    }
},
{
    "model": "news.tag",
    "pk": 70,
    "fields": {
        "name": "анастасия ракова"
    }
},
{
    "model": "news.tag",
    "pk": 71,
    "fields": {
        "name": "поликлиника"
    }
},
{
    "model": "news.tag",
    "pk": 72,
    "fields": {
        "name": "мультимедиа"
    }
},
{
    "model": "news.tag",
    "pk": 73,
    "fields": {
        "name": "атака"
    }
},
{
    "model": "news.tag",
    "pk": 74,
    "fields": {
        "name": "новая зеландия"
    }
},
{
    "model": "news.tag",
    "pk": 75,
    "fields": {
        "name": "отставка"
    }
},
{
    "model": "news.tag",
    "pk": 76,
    "fields": {
        "name": "правительство"
    }
},
{
    "model": "news.tag",
    "pk": 77,
    "fields": {
        "name": "министр"
    }
},
{
    "model": "news.tag",
    "pk": 78,
    "fields": {
        "name": "дтп"
    }
},
{
    "model": "news.tag",
    "pk": 79,
    "fields": {
        "name": "вождение в пьяном виде"
    }
},
{
    "model": "news.tag",
    "pk": 80,
    "fields": {
        "name": "минобороны"
    }
},
{
    "model": "news.tag",
    "pk": 81,
    "fields": {
        "name": "самолет"
    }
},
{
    "model": "news.tag",
    "pk": 82,
    "fields": {
        "name": "авиакомпании"
    }
},
{
    "model": "news.tag",
    "pk": 83,
    "fields": {
        "name": "фнб"
    }
},
{
    "model": "news.tag",
    "pk": 84,
    "fields": {
        "name": "перекрытие движения"
    }
},
{
    "model": "news.tag",
    "pk": 85,
    "fields": {
        "name": "керченский пролив"
    }
},
{
    "model": "news.tag",
    "pk": 86,
    "fields": {
        "name": "крымский мост"
    }
},
{
    "model": "news.tag",
    "pk": 87,
    "fields": {
        "name": "фсб"
    }
},
{
    "model": "news.tag",
    "pk": 88,
    "fields": {
        "name": "следственный комитет"
    }
},
{
    "model": "news.tag",
    "pk": 89,
    "fields": {
        "name": "задержания"
    }
},
{
    "model": "news.tag",
    "pk": 90,
    "fields": {
        "name": "chevrolet"
    }
},
{
    "model": "news.tag",
    "pk": 91,
    "fields": {
        "name": "авто"
    }
},
{
    "model": "news.tag",
    "pk": 92,
    "fields": {
        "name": "сбер"
    }
},
{
    "model": "news.tag",
    "pk": 93,
    "fields": {
        "name": "sber"
    }
},
{
    "model": "news.tag",
    "pk": 94,
    "fields": {
        "name": "сбербанк"
    }
},
{
    "model": "news.tag",
    "pk": 95,
    "fields": {
        "name": "nvidia"
    }
},
{
    "model": "news.tag",
    "pk": 96,
    "fields": {
        "name": "geforce rtx 4060"
    }
},
{
    "model": "news.tag",
    "pk": 97,
    "fields": {
        "name": "twitter"
    }
},
{
    "model": "news.tag",
    "pk": 98,
    "fields": {
        "name": "amd"
    }
},
{
    "model": "news.tag",
    "pk": 99,
    "fields": {
        "name": "автоваз"
    }
},
{
    "model": "news.tag",
    "pk": 100,
    "fields": {
        "name": "lada"
    }
},
{
    "model": "news.tag",
    "pk": 101,
    "fields": {
        "name": "ixbt"
    }
},
{
    "model": "news.tag",
    "pk": 102,
    "fields": {
        "name": "apple"
    }
},
{
    "model": "news.tag",
    "pk": 103,
    "fields": {
        "name": "iphone"
    }
},
{
    "model": "news.user",
    "fields": {
        "password": "pbkdf2_sha256$600000$kfZ95PdO0wKYA3qhXv3LsQ$3stLMUW0TeSqlDLgh7oje06+fPc+Wh137CZRCqctu9w=",
        "last_login": "2023-07-24T08:42:26Z",
        "is_superuser": true,
        "username": "admin",
        "first_name": "",
        "last_name": "",
        "email": "",
        "is_staff": true,
        "is_active": true,
        "date_joined": "2023-07-24T08:42:10Z",
        "groups": [],
        "user_permissions": [],
        "interests": [
            1,
            2,
            3,
            4,
            5,
            6,
            7,
            8,
            9,
            10,
            11,
            12,
            13,
            14,
            15,
            16,
            17,
            18,
            19,
            20,
            21,
            22,
            23,
            24,
            25,
            26,
            27,
            28,
            29,
            30,
            31,
            32,
            33,
            34,
            35,
            36,
            37,
            38,
            39,
            40,
            41,
            42,
            43,
            44,
            45,
            46,
            47,
            48,
            49,
            50,
            51,
            52,
            53,
            54,
            55,
            56,
            57,
            58,
            59,
            60,
            61,
            62,
            63,
            64,
            65,
            66,
            67,
            68,
            69,
            70,
            71,
            72,
            73,
            74,
            75,
            76,
            77,
            78,
            79,
            80,
            81,
            82,
            83,
            84,
            85,
            86,
            87,
            88,
            89,
            90,
            91,
            92,
            93,
            94,
            95,
            96,
            97,
            98,
            99,
            100,
            101,
            102,
            103
        ]
    }
},
{
    "model": "news.source",
    "pk": 1,
    "fields": {
        "title": "Lenta",
        "url": "http://lenta.ru",
        "parser_class": "LentaParser"
    }
},
{
    "model": "news.source",
    "pk": 2,
    "fields": {
        "title": "RBC",
        "url": "http://rbc.ru",
        "parser_class": "RBCParser"
    }
},
{
    "model": "news.source",
    "pk": 3,
    "fields": {
        "title": "IXBT",
        "url": "http://ixbt.com",
        "parser_class": "IXBTParser"
    }
},
{
    "model": "news.subscription",
    "pk": 1,
    "fields": {
        "source": 1,
        "subscriber": 1
    }
},
{
    "model": "news.subscription",
    "pk": 2,
    "fields": {
        "source": 2,
        "subscriber": 1
    }
},
{
    "model": "news.subscription",
    "pk": 3,
    "fields": {
        "source": 3,
        "subscriber": 1
    }
},
{
    "model": "news.post",
    "pk": 37,
    "fields": {
        "title": "Москву снова атаковали беспилотники ВСУ. Что известно о новом налете дронов?",
        "popularity": 82,
        "created_at": "2023-07-24T02:58:00Z",
        "text": "Ранним утром 24 июля на Москву была совершена новая атака с применением беспилотных летательных аппаратов (БПЛА). Информацию об этом подтвердил мэр столицы Сергей Собянин. По данным градоначальника, удары пришлись по двум нежилым зданиям, серьезных разрушений и пострадавших нет.",
        "link": "https://lenta.ru/news/2023/07/24/bespilotniki/",
        "source": 1,
        "tags": [
            1
        ]
    }
},
{
    "model": "news.post",
    "pk": 38,
    "fields": {
        "title": "Собянин подтвердил удары беспилотников по двум зданиям в Москве",
        "popularity": 48,
        "created_at": "2023-07-24T01:55:00Z",
        "text": "Мэр Москвы Сергей Собянин подтвердил удары беспилотников по двум нежилым зданиям в Москве. «Сегодня около четырёх часов утра зафиксированы удары беспилотников по двум нежилым зданиям», — сообщил глава города. Он уточнил, что серьезных разрушений и пострадавших нет, все оперативные службы работают на месте.",
        "link": "https://lenta.ru/news/2023/07/24/sobyanin/",
        "source": 1,
        "tags": [
            1
        ]
    }
},
{
    "model": "news.post",
    "pk": 39,
    "fields": {
        "title": "Экс-премьер Украины назвал нереалистичным мирный план Зеленского",
        "popularity": 43,
        "created_at": "2023-07-24T00:46:00Z",
        "text": "Бывший премьер-министр Украины Николай Азаров заявил, что мирный план урегулирования, предложенный украинским президентом Владимиром Зеленским, является нереалистичным и не приведет к реальному сдвигу в вопросе разрешения конфликта. По его словам, план придумали США, поэтому и поддерживают его.",
        "link": "https://lenta.ru/news/2023/07/24/azarov_plan/",
        "source": 1,
        "tags": [
            2
        ]
    }
},
{
    "model": "news.post",
    "pk": 40,
    "fields": {
        "title": "Путин заявил о потерявшей смысл зерновой сделке",
        "popularity": 4,
        "created_at": "2023-07-23T22:15:00Z",
        "text": "Президент РФ Владимир Путин заявил, что продолжение не оправдавшей своего гуманитарного предназначения зерновой сделки потеряло смысл. «С учетом всех этих фактов продолжение не оправдавшей своего гуманитарного предназначения зерновой сделки потеряло смысл», — подчеркнул Путин.",
        "link": "https://lenta.ru/news/2023/07/24/putin_zerno_/",
        "source": 1,
        "tags": [
            1
        ]
    }
},
{
    "model": "news.post",
    "pk": 41,
    "fields": {
        "title": "«Потянут до августа»: командующий российской группировкой «Центр» Мордвичев оценил успехи контрнаступления ВСУ",
        "popularity": 94,
        "created_at": "2023-07-23T22:06:00Z",
        "text": "Командующий российской группировкой войск «Центр» генерал-лейтенант Андрей Мордвичев оценил успехи контрнаступления Вооруженных сил Украины (ВСУ). По его мнению, у украинских военных хватит возможностей протянуть до конца лета, после чего последует перерыв. Он также дал оценку подготовке в странах НАТО.",
        "link": "https://lenta.ru/news/2023/07/23/mordvichev/",
        "source": 1,
        "tags": [
            1
        ]
    }
},
{
    "model": "news.post",
    "pk": 42,
    "fields": {
        "title": "Лукашенко заявил о «напрягающих» власти Белоруссии вагнеровцах",
        "popularity": 53,
        "created_at": "2023-07-23T08:56:00Z",
        "text": "Бойцы частной военной компании (ЧВК) «Вагнер» начали «напрягать» власти Белоруссии. Об этом заявил президент Белоруссии Александр Лукашенко на встрече с Владимиром Путиным. По его словам, вагнеровцы хотят идти на Запад. «Говорю, вам зачем на Запад? Ну сходить на экскурсию в Варшаву, в Жешув», — рассказал он.",
        "link": "https://lenta.ru/news/2023/07/23/vagner/",
        "source": 1,
        "tags": [
            2
        ]
    }
},
{
    "model": "news.post",
    "pk": 43,
    "fields": {
        "title": "Зеленский попросил Столтенберга созвать Совет Украина — НАТО. Стороны обсудят ситуацию вокруг зерновой сделки",
        "popularity": 93,
        "created_at": "2023-07-22T22:21:48Z",
        "text": "Президент Украины Владимир Зеленский заявил, что призвал генерального секретаря Североатлантического альянса Йенса Столтенберга созвать Совет Украина — НАТО. Политик попросил созвать Совет по вопросу ситуации в Черном море и зерновому коридору. «На днях встреча состоится», — отметил он.",
        "link": "https://lenta.ru/news/2023/07/23/sovet/",
        "source": 1,
        "tags": [
            2
        ]
    }
},
{
    "model": "news.post",
    "pk": 44,
    "fields": {
        "title": "Ozon решил взять на работу 500 осужденных",
        "popularity": 26,
        "created_at": "2023-07-24T08:45:19Z",
        "text": "Трудоустроить планируют россиян, осужденных впервые и живущих в исправительных центрах и колониях-поселениях. Такие сотрудники будут собирать и обрабатывать заказы на складах",
        "link": "https://www.rbc.ru/business/24/07/2023/64be25aa9a79470e3228bfe5",
        "source": 2,
        "tags": [
            3,
            4,
            5
        ]
    }
},
{
    "model": "news.post",
    "pk": 45,
    "fields": {
        "title": "Только в одном из новых регионов планируется удаленка для студентов вузов",
        "popularity": 11,
        "created_at": "2023-07-24T08:43:29Z",
        "text": "В высших учебных заведениях ЛНР, а также Запорожской и Херсонской областях занятия 1 сентября планируется начать в очном формате, сообщил министр науки и высшего образования Валерий Фальков.",
        "link": "https://www.rbc.ru/rbcfreenews/64be36f39a794766ceda7bf5",
        "source": 2,
        "tags": [
            6,
            7,
            8,
            9
        ]
    }
},
{
    "model": "news.post",
    "pk": 46,
    "fields": {
        "title": "Путин повысил сроки пребывания военнообязанных в запасе на пять лет",
        "popularity": 5,
        "created_at": "2023-07-24T08:35:16Z",
        "text": "Президент Владимир Путин подписал закон, который повышает на пять лет возраст пребывания в запасе граждан, имеющих воинские звания ниже офицерских: солдат, матросов, сержантов, старшин, прапорщиков и мичманов.",
        "link": "https://www.rbc.ru/politics/24/07/2023/64be36e19a7947c1bae4378b",
        "source": 2,
        "tags": [
            10
        ]
    }
},
{
    "model": "news.post",
    "pk": 47,
    "fields": {
        "title": "В СВР санкции против главы разведки Сербии посчитали актом агрессии США",
        "popularity": 81,
        "created_at": "2023-07-24T08:29:05Z",
        "text": "Служба внешней разведки России расценила введение санкций США против главы сербской разведки Александра Вулина как очередной акт американской агрессии.",
        "link": "https://www.rbc.ru/rbcfreenews/64be31ec9a794735c58c5334",
        "source": 2,
        "tags": [
            11,
            12,
            13
        ]
    }
},
{
    "model": "news.post",
    "pk": 48,
    "fields": {
        "title": "Следствие попросило арестовать инженера ТЦ после прорыва горячей воды",
        "popularity": 44,
        "created_at": "2023-07-24T08:18:02Z",
        "text": "Следствие после прорыва трубы с горячей водой в ТЦ «Времена года» будет настаивать в суде на аресте его главного инженера, сообщила прокуратура Москвы в своем телеграм-канале.",
        "link": "https://www.rbc.ru/rbcfreenews/64be2e919a79475f12dfc88b",
        "source": 2,
        "tags": [
            14,
            15,
            16,
            17,
            18,
            19
        ]
    }
},
{
    "model": "news.post",
    "pk": 49,
    "fields": {
        "title": "Как выглядят разбитые витрины магазинов после атаки дронов в Москве",
        "popularity": 36,
        "created_at": "2023-07-24T08:14:51Z",
        "text": " В Москве утром два беспилотника атаковали здания в городе.",
        "link": "https://www.rbc.ru/rbcfreenews/64be25ba9a79473487020703",
        "source": 2,
        "tags": [
            20,
            21,
            22,
            23
        ]
    }
},
{
    "model": "news.post",
    "pk": 50,
    "fields": {
        "title": "Трамп назвал Байдена «глупым» за признание о нехватке боеприпасов у США",
        "popularity": 9,
        "created_at": "2023-07-24T07:58:10Z",
        "text": "Бывший президент США Дональд Трамп раскритиковал признание действующего американского лидера Джо Байдена о дефиците боеприпасов в стране.",
        "link": "https://www.rbc.ru/rbcfreenews/64be28099a7947a622165e14",
        "source": 2,
        "tags": [
            12,
            24,
            25,
            26
        ]
    }
},
{
    "model": "news.post",
    "pk": 51,
    "fields": {
        "title": "Движение поездов под Джанкоем в Крыму возобновили после атаки дронов",
        "popularity": 55,
        "created_at": "2023-07-24T07:56:12Z",
        "text": "Железнодорожное движение в Джанкойском районе, которое было приостановлено после атаки беспилотника на склад, возобновлено.",
        "link": "https://www.rbc.ru/rbcfreenews/64be29ba9a7947f37ad05168",
        "source": 2,
        "tags": [
            22,
            27,
            28,
            29,
            30
        ]
    }
},
{
    "model": "news.post",
    "pk": 52,
    "fields": {
        "title": "Кадры из пострадавшей из-за взрыва беспилотника квартиры в Москве",
        "popularity": 95,
        "created_at": "2023-07-24T07:42:37Z",
        "text": " Из-за взрыва беспилотника в некоторых квартирах в Москве выбило стекла, сообщил мэр Москвы Сергей Собянин.",
        "link": "https://www.rbc.ru/politics/24/07/2023/64be270b9a79476ac94c3a84",
        "source": 2,
        "tags": [
            20,
            21,
            22,
            31
        ]
    }
},
{
    "model": "news.post",
    "pk": 53,
    "fields": {
        "title": "Военная операция на Украине. Главное",
        "popularity": 35,
        "created_at": "2023-07-24T07:40:43Z",
        "text": "В Москве произошла атака беспилотников, в Крыму отразили нападение 17 дронов, в Одесской области раздались взрывы, ФСБ нашла следы взрывчатки на судне в Керченском проливе. Главное о событиях вокруг спецоперации — в материале РБК",
        "link": "https://www.rbc.ru/politics/24/07/2023/62074b119a7947b0e49b36f7",
        "source": 2,
        "tags": [
            1,
            10,
            12,
            25,
            32,
            33
        ]
    }
},
{
    "model": "news.post",
    "pk": 54,
    "fields": {
        "title": "Собянин пообещал помощь жителям пострадавшего при атаке дрона дома",
        "popularity": 33,
        "created_at": "2023-07-24T07:40:25Z",
        "text": "Один из двух беспилотников упал в районе Комсомольского проспекта, поврежден дом № 17. В соседнем жилом доме выбило окна. Собянин пообещал, что жильцам помогут устранить последствия",
        "link": "https://www.rbc.ru/politics/24/07/2023/64be28969a7947d59514d8ea",
        "source": 2,
        "tags": [
            20,
            21,
            22,
            34
        ]
    }
},
{
    "model": "news.post",
    "pk": 55,
    "fields": {
        "title": "Власти сообщили о повреждениях порта в Одессе",
        "popularity": 97,
        "created_at": "2023-07-24T07:35:33Z",
        "text": "Минобороны сообщало об «ударах возмездия» после атаки на Крымский мост, в Одессе уже около недели атакуют места, где изготавливали и хранили безэкипажные катера. Минувшей ночью был поврежден порт, были разрушения в центре города",
        "link": "https://www.rbc.ru/politics/24/07/2023/64be22509a79477a100dbce8",
        "source": 2,
        "tags": [
            23,
            35,
            36
        ]
    }
},
{
    "model": "news.post",
    "pk": 56,
    "fields": {
        "title": "Минстрой не будет вводить меры поддержки из-за повышения ставки",
        "popularity": 4,
        "created_at": "2023-07-24T07:34:14Z",
        "text": "Минстрой России не планирует вводить меры поддержки отрасли после повышения ключевой ставки Центробанком, заявил министр строительства и жилищно-коммунального хозяйства Ирек Файзуллин, передает ТАСС.",
        "link": "https://www.rbc.ru/rbcfreenews/64be23b49a7947c45fa153bb",
        "source": 2,
        "tags": [
            37,
            38,
            39,
            40,
            41,
            42
        ]
    }
},
{
    "model": "news.post",
    "pk": 57,
    "fields": {
        "title": "«Коммерсантъ» узнал о планах властей ограничить число экспортеров бензина",
        "popularity": 20,
        "created_at": "2023-07-24T07:19:47Z",
        "text": "Власти обсуждают составление списка нефтеперерабатывающих заводов, которым разрешат экспорт топлива. Мера направлена против серых схем, которые способствовали росту цен",
        "link": "https://www.rbc.ru/economics/24/07/2023/64be12de9a79473dfca6160f",
        "source": 2,
        "tags": [
            43,
            44,
            45,
            46,
            47,
            48
        ]
    }
},
{
    "model": "news.post",
    "pk": 58,
    "fields": {
        "title": "В Иркутской области ребенок пострадал от удара молнии, когда мылся в бане",
        "popularity": 76,
        "created_at": "2023-07-24T07:12:08Z",
        "text": "В Нижнеудинске ученик четвертого класса пострадал, предварительно, после удара молнии, когда мылся в бане.",
        "link": "https://www.rbc.ru/rbcfreenews/64be23399a79477ad653503f",
        "source": 2,
        "tags": [
            49,
            50,
            51,
            52
        ]
    }
},
{
    "model": "news.post",
    "pk": 59,
    "fields": {
        "title": "Арестович заявил о нехватке «элементарной» техники у ВСУ",
        "popularity": 12,
        "created_at": "2023-07-24T07:09:41Z",
        "text": "Арестович заявил, что ВСУ не хватает машин, пулеметов, стрелкового оружия, а не дальнобойных ракет и истребителей. Россия регулярно отчитывается об уничтожении военной техники Украины, в том числе переданной ей с Запада",
        "link": "https://www.rbc.ru/politics/24/07/2023/64be1a289a79476f3470ea21",
        "source": 2,
        "tags": [
            26,
            53,
            54
        ]
    }
},
{
    "model": "news.post",
    "pk": 60,
    "fields": {
        "title": "В Думе предложили запретить «противоречащее интересам России» следствие",
        "popularity": 41,
        "created_at": "2023-07-24T07:01:39Z",
        "text": "В Думе планируют запретить иностранным организациям, в которых не участвует Россия, вести следственные действия, если они противоречат российским интересам. В качестве примера автор документа, в частности, приводит работу МУС",
        "link": "https://www.rbc.ru/politics/24/07/2023/64ba3b129a79474efab98267",
        "source": 2,
        "tags": [
            55,
            56,
            57,
            58,
            59,
            60,
            61
        ]
    }
},
{
    "model": "news.post",
    "pk": 61,
    "fields": {
        "title": "Захарова назвала атаку дронов на Москву актом международного терроризма",
        "popularity": 29,
        "created_at": "2023-07-24T06:58:40Z",
        "text": "Атака беспилотников на Москву утром 24 июля — это акт международного терроризма, заявила RTVI официальный представитель МИД России Мария Захарова.",
        "link": "https://www.rbc.ru/rbcfreenews/64be1d109a794710b06a52c8",
        "source": 2,
        "tags": [
            21,
            22,
            62,
            63
        ]
    }
},
{
    "model": "news.post",
    "pk": 62,
    "fields": {
        "title": "Центробанк зафиксировал рост финансовых пирамид под видом онлайн-игр",
        "popularity": 2,
        "created_at": "2023-07-24T06:52:17Z",
        "text": "В России увеличилось число финансовых пирамид, маскирующихся под экономические онлайн-игры, заявили «Известиям» в Центробанке.",
        "link": "https://www.rbc.ru/rbcfreenews/64be1dbf9a794745f0991516",
        "source": 2,
        "tags": [
            41,
            42,
            64,
            65
        ]
    }
},
{
    "model": "news.post",
    "pk": 63,
    "fields": {
        "title": "Движение по трассе Джанкой — Симферополь возобновили",
        "popularity": 45,
        "created_at": "2023-07-24T06:44:38Z",
        "text": "Движение автомобилей по трассе Джанкой — Симферополь, приостановленное из-за атаки беспилотника на склад в Джанкойском районе, возобновили.",
        "link": "https://www.rbc.ru/rbcfreenews/64be19219a79472cc9f4e39f",
        "source": 2,
        "tags": [
            22,
            66,
            67,
            68
        ]
    }
},
{
    "model": "news.post",
    "pk": 64,
    "fields": {
        "title": "Ракова рассказала о новом тарифе на парковку у московских поликлиник",
        "popularity": 43,
        "created_at": "2023-07-24T06:41:41Z",
        "text": "В Москве с 31 июля изменятся правила работы парковок возле трех медицинских учреждений.",
        "link": "https://www.rbc.ru/rbcfreenews/64b801b89a7947d75e7a442c",
        "source": 2,
        "tags": [
            69,
            70,
            71
        ]
    }
},
{
    "model": "news.post",
    "pk": 65,
    "fields": {
        "title": "Последствия атаки беспилотников на Москву. Видео",
        "popularity": 34,
        "created_at": "2023-07-24T06:41:19Z",
        "text": " Утром 24 июля беспилотники врезались в нежилые здания в двух районах на юге Москвы.",
        "link": "https://www.rbc.ru/politics/24/07/2023/64be1a6e9a794701e3c37f12",
        "source": 2,
        "tags": [
            21,
            22
        ]
    }
},
{
    "model": "news.post",
    "pk": 66,
    "fields": {
        "title": "Последствия атаки беспилотников в Москве. Фоторепортаж",
        "popularity": 81,
        "created_at": "2023-07-24T06:34:09Z",
        "text": "Рано утром 24 июля в Москве упали два беспилотника. Никто не пострадал, повреждения получили несколько зданий. Дроны были подавлены средствами радиоэлектронной борьбы, сообщило Минобороны. В атаке ведомство обвинило Киев. Последствия падения беспилотников — в фоторепортаже РБК",
        "link": "https://www.rbc.ru/photoreport/24/07/2023/64be0bd79a7947563f46b5fb",
        "source": 2,
        "tags": [
            20,
            21,
            22,
            72,
            73
        ]
    }
},
{
    "model": "news.post",
    "pk": 67,
    "fields": {
        "title": "Министр юстиции Новой Зеландии подала в отставку после езды в пьяном виде",
        "popularity": 17,
        "created_at": "2023-07-24T06:31:26Z",
        "text": "Министр юстиции и регионального развития, заместитель министра транспорта и финансов Новой Зеландии Кири Аллан подала в отставку, после того как ее арестовали за опасное вождение в пьяном виде и обвинили в сопротивлении полиции.",
        "link": "https://www.rbc.ru/rbcfreenews/64be05cc9a7947ecfd43de6d",
        "source": 2,
        "tags": [
            74,
            75,
            76,
            77,
            78,
            79
        ]
    }
},
{
    "model": "news.post",
    "pk": 68,
    "fields": {
        "title": "Минобороны сообщило об отражении атаки 17 беспилотников в Крыму",
        "popularity": 37,
        "created_at": "2023-07-24T06:24:14Z",
        "text": "Три дрона уничтожила ПВО, остальные подавили средства радиоэлектронной борьбы. Часть из них упала на территории Крыма. Аксенов сообщил о попадании в склад боеприпасов под Джанкоем, приостановке движения поездов и эвакуации людей",
        "link": "https://www.rbc.ru/politics/24/07/2023/64be179c9a79478ffd6fd496",
        "source": 2,
        "tags": [
            22,
            27,
            67,
            80
        ]
    }
},
{
    "model": "news.post",
    "pk": 69,
    "fields": {
        "title": "«Ъ» узнал о риске нехватки времени на выкуп самолетов из лизинга",
        "popularity": 40,
        "created_at": "2023-07-24T06:04:29Z",
        "text": "Авиакомпании обеспокоены отсутствием критериев выделения из ФНБ 300 млрд руб. на выкуп самолетов у зарубежных собственников. Пять перевозчиков согласовали условия закрытия лизинговых контрактов, на это осталось меньше трех месяцев",
        "link": "https://www.rbc.ru/business/24/07/2023/64bdf97a9a7947a2914e066d",
        "source": 2,
        "tags": [
            81,
            82,
            83
        ]
    }
},
{
    "model": "news.post",
    "pk": 70,
    "fields": {
        "title": "Перекрытие улиц после атаки беспилотников в Москве. Видео",
        "popularity": 60,
        "created_at": "2023-07-24T06:00:02Z",
        "text": " Утром 24 июля два беспилотника атаковали здания на Комсомольском проспекте и проспекте Лихачева в Москве.",
        "link": "https://www.rbc.ru/politics/24/07/2023/64be0f289a79472a36952d0b",
        "source": 2,
        "tags": [
            21,
            22,
            84
        ]
    }
},
{
    "model": "news.post",
    "pk": 71,
    "fields": {
        "title": "ФСБ сообщила о следах взрывчатки на судне в Керченском проливе",
        "popularity": 69,
        "created_at": "2023-07-24T05:53:39Z",
        "text": "Сухогруз шел из Турции для погрузки зерна в ростовском порту. В конце мая судно было на Украине, заявила ФСБ. Там считают, что в конструкции судна произошли изменения и его могли применять для перевозки взрывчатки на Украину",
        "link": "https://www.rbc.ru/politics/24/07/2023/64be10d19a7947c0f0e80e00",
        "source": 2,
        "tags": [
            85,
            86,
            87
        ]
    }
},
{
    "model": "news.post",
    "pk": 72,
    "fields": {
        "title": "Главного инженера ТЦ «Времена года» задержали по делу о гибели 4 человек",
        "popularity": 18,
        "created_at": "2023-07-24T05:51:44Z",
        "text": "В ближайшее время задержанному изберут меру пресечения. При прорыве трубы с кипятком в ТЦ погибли четыре человека",
        "link": "https://www.rbc.ru/society/24/07/2023/64be10679a79473dfca61600",
        "source": 2,
        "tags": [
            17,
            18,
            19,
            21,
            88,
            89
        ]
    }
},
{
    "model": "news.post",
    "pk": 73,
    "fields": {
        "title": "Альтернатива Hyundai Creta за 2 млн рублей. В Россию появились кроссоверы Chevrolet Groove",
        "popularity": 0,
        "created_at": "2023-07-24T08:45:00Z",
        "text": "В России начали продавать новые кроссоверы Chevrolet Groove, которые ввозятся в страну крупным дилером через параллельный импорт. Автомобили предлагаются по цене от 2 030 000 до 2 640 000 рублей в Краснодаре, Сочи, Новороссийске, Ростове-на-Дону, ауле Новая Адыгея, а также Москве и Санкт-Петербурге. Это переднеприводный кроссовер, который может оснащаться 105- или 110-сильным бензиновым атмосферным мотором объемом 1,5 литра и бесступенчатым вариатором. В оснащение входят ABS, EBD, «ЭРА-ГЛОНАСС», датчики давления в шинах, передние фронтальные и боковые подушки безопасности, круиз-контроль, камера заднего вида с парктроником, кондиционер, мульти-руль с кнопками, рейлинги на крыше и медиасистема с функцией синхронизации смартфонов по Apple CarPlay. Chevrolet Groove является копией китайского Baojun 510. Отличия заключаются в разные решетках радиатора, логотипах и материалах отделки салона.",
        "link": "https://www.ixbt.com/news/2023/07/24/hyundai-creta-2-chevrolet-groove.html",
        "source": 3,
        "tags": [
            1,
            90,
            91
        ]
    }
},
{
    "model": "news.post",
    "pk": 74,
    "fields": {
        "title": "Лёгкий вход в «СберБанк Онлайн» со смартфона: в браузере, как в приложении",
        "popularity": 27,
        "created_at": "2023-07-24T08:36:00Z",
        "text": "Команда СберБанка сообщила о полезном улучшении для веб-версии «СберБанк Онлайн». Как отмечает пресс-служба, в веб-версию «СберБанк Онлайн» на смартфонах стал таким же удобным, как и в приложение. Сгенерировано нейросетью Midjourney Это стало возможным благодаря технологиям PWA (Progressive Web Application) и WebAuthn (Web Authentication). Они позволяют добавить ярлык сайта «СберБанк Онлайн» на рабочий стол и использовать его как приложение — без вкладок браузера, адресной строки, панели управления и с быстрым доступом по биометрии. Иллюстрация: СберБанк Добавить ярлык веб-версии «СберБанк Онлайн» можно на рабочий стол телефона: достаточно зайти с мобильного устройства на сайт online.sberbank.ru и следовать подсказкам в верхней части экрана. На устройствах с iOS рекомендуем устанавливать ярлык в Safari, а на Android-смартфонах — в Google Chrome. Иллюстрация: СберБанк Настроить быстрый вход можно при обычном входе в веб-версию «СберБанк Онлайн» — смартфон сам предложит такой вариант, если его поддерживает браузер. Отметим, что приложение «СберБанк Онлайн» уже больше года недоступно в официальных онлайн-магазинах Google Play и App Store. И если для пользователей Android существует множество альтернативных источников установки, то для пользователей iOS существует только два варианта - обратиться в офис банка для установки приложения, либо пользоваться веб-версией «СберБанк Онлайн».",
        "link": "https://www.ixbt.com/news/2023/07/24/ljogkij-vhod-v-sberbank-onlajn-so-smartfona-v-brauzere-kak-v-prilozhenii.html",
        "source": 3,
        "tags": [
            92,
            93,
            94
        ]
    }
},
{
    "model": "news.post",
    "pk": 75,
    "fields": {
        "title": "GeForce RTX 4060 Ti 16GB «всего» за 520 евро. Видеокарта уже продаётся по цене ниже рекомендованной",
        "popularity": 11,
        "created_at": "2023-07-24T08:15:00Z",
        "text": "GeForce RTX 4060 Ti 16GB без лишнего шума вышла на рынок, причём ассортимент таких карт достаточно скромен. И уже сейчас появились предложения с ценой ниже рекомендованной. В Европе есть уже несколько предложений с ценой ниже 550 евро, которая тут является рекомендованной. Карту можно купить минимум за 519 евро, и это будет адаптер MSI гигантских, как для этого класса размеров. Это всё равно очень дорого. GeForce RTX 4060 Ti 8GB в Европе сейчас можно купить от 400 евро, а тесты, как мы знаем, показывают, что разница между этими картами проявляется лишь в некоторых играх и определённых режимах. При этом самая дешёвая RTX 4070 в Европе сейчас обойдётся в 600 евро, то есть всего на 15% дороже самой доступной GeForce RTX 4060 Ti 16GB, а прирост производительности в этом случае составит 25-30%.",
        "link": "https://www.ixbt.com/news/2023/07/24/geforce-rtx-4060-ti-16gb-520.html",
        "source": 3,
        "tags": [
            95,
            96
        ]
    }
},
{
    "model": "news.post",
    "pk": 76,
    "fields": {
        "title": "Теперь не Twitter, а Х. Официальную страницу соцсети переименовали: синяя птица ушла в прошлое",
        "popularity": 98,
        "created_at": "2023-07-24T08:06:00Z",
        "text": "Официальный аккаунт компании Twitter в одноименной соцсети в понедельник, 24 июля был переименован в Х. Фирменный логотип с изображением синей птицы заменили на белую букву Х на черном фоне. Глава Twitter Илон Маск разместил на своей странице фотографию штаб-квартиры компании с проекцией нового логотипа. Ранее Илон Маск заявил, что домен x.com теперь автоматически переадресует пользователей в социальную сеть Twitter. 1 июня миллиардер рассказал о планах переименования Twitter в X. 22 июня он заявил, что буква X появится на логотипе компании вместо птицы. Вчера эта информация была подтверждена.",
        "link": "https://www.ixbt.com/news/2023/07/24/teper-ne-twitter-a-h-oficialnuju-stranicu-socseti-pereimenovali-sinjaja-ptica-ushla-v-proshloe.html",
        "source": 3,
        "tags": [
            97
        ]
    }
},
{
    "model": "news.post",
    "pk": 77,
    "fields": {
        "title": "Дёшево и мощно: за это многие любят AMD. Процессор Ryzen 5 7500F выйдет на глобальный рынок с ценой 180 долларов",
        "popularity": 26,
        "created_at": "2023-07-24T08:05:00Z",
        "text": "Процессор Ryzen 5 7500F вчера дебютировал на китайском рынке, AMD опубликовала свои результаты тестов, но теперь появились и сторонние. Как можно видеть, в играх новинка совсем незначительно отстаёт от Ryzen 5 7600/7600X, так что можно говорить, что для игр эти три CPU равны. Ryzen 5 5600X, который до сих пор очень популярен, отстаёт уже существеннее. Если же говорить о продуктах Intel, тут ближайшим конкурентом будет намного более дорогой Core i5-13600K, хотя он всё же немного быстрее. Учитывая цену, именно Ryzen 5 7500F можно назвать самым оптимальным решением для геймеров. Что касается приложений, тут картина иная. Core i5-13600K намного быстрее, а новинка AMD конкурирует уже в среднем с Core i5-13400, который всё равно дороже. В Китае новинка стоит около 172 долларов, но сообщается, что эксклюзивом данного рынка процессор не является. В ближайшее время он должен появиться и в США с рекомендованной ценой 180 долларов. Примерно столько же сейчас просят за Ryzen 5 5600X, так что Ryzen 5 7500F может стать очень популярным.",
        "link": "https://www.ixbt.com/news/2023/07/24/amd-ryzen-5-7500f-180.html",
        "source": 3,
        "tags": [
            98
        ]
    }
},
{
    "model": "news.post",
    "pk": 78,
    "fields": {
        "title": "Дефицита Lada Vesta не будет: АвтоВАЗ собирает машины «ровно по плану»",
        "popularity": 56,
        "created_at": "2023-07-24T08:01:00Z",
        "text": "Сегодня АвтоВАЗ официально прокомментировал слухи об уменьшении объемов производства или вовсе прекращении сборки Lada Vesta. Завод эти данные опроверг. «Сборка и сдача автомобилей идет ровно по плану», – сообщили в пресс-службе АвтоВАЗа. Напомним, на прошлой неделе инсайдерский паблик Avtograd News рассказал, что на территории АвтоВАЗа практически закончились свободные места для размещения некомплектных «Вест», поэтому их сборку могут приостановить. А по новым данным того же паблика, производство Vesta собираются сократить – собирать будут в одну смену вместо двух. Данные о большом количестве некомплектных Lada Vesta подтвердили и дилеры. Но АвтоВАЗ стоит на своем и, судя по всему, не собирается приостанавливать производство своей флагманской модели.",
        "link": "https://www.ixbt.com/news/2023/07/24/deficita-lada-vesta-ne-budet-avtovaz-sobiraet-mashiny-rovno-po-planu.html",
        "source": 3,
        "tags": [
            1,
            91,
            99,
            100
        ]
    }
},
{
    "model": "news.post",
    "pk": 79,
    "fields": {
        "title": "Это вам не родстер «Крым». На патентах показали крутой российский спорткар, который могут выпустить под маркой Rossa",
        "popularity": 55,
        "created_at": "2023-07-24T07:46:00Z",
        "text": "Telegram-канал «Автопоток» обнаружил в базе ФИПС патент на промышленный образец нового российского спорткара. Он сопровождается достаточно большим количеством изображений, которые демонстрируют возможный спорткар во всей красе. При этом у машины две версии: с антикрылом и без него. Отмечается, что патентообладателем записан автогонщик Роман Русинов. Ранее он зарегистрировал права на торговую марку Rossa, в том числе по классу автомобилей. «Автопоток» сообщает, что спорткар разрабатывает бывший главный конструктор Marussia Motors Игорь Ермилин. Выглядит такой спорткар намного интереснее родстера «Крым». Есть в его облике что-то от автомобилей McLaren, в том числе классического McLaren F1.",
        "link": "https://www.ixbt.com/news/2023/07/24/jeto-vam-ne-rodster-krym-na-patentah-pokazali-krutoj-rossijskij-sportkar-kotoryj-mogut-vypustit-pod-markoj-rossa.html",
        "source": 3,
        "tags": [
            1,
            91
        ]
    }
},
{
    "model": "news.post",
    "pk": 80,
    "fields": {
        "title": "«Хлипкость корпуса, низкая эргономика клавиатуры, нагрев», — пока у российских планшетов и ноутбуков есть недостатки, но они постепенно начнут догонять лидеров рынка",
        "popularity": 38,
        "created_at": "2023-07-24T07:19:00Z",
        "text": "Управляющий директор по IT и цифровой трансформации ДОМ.РФ Николай Козак в интервью ТАСС затронул различные темы, в частности, он заявил, что отечественные программные продукты и компьютерная техника обеспечат российский информационный суверенитет. Пока что первые экземпляры имеют различные недостатки, такие как высокий нагрев, хлипкость корпуса, плохая эргономика. Регулярно лично тестирую технику, которая выпускается у нас в России. Например, мы смотрели российские ноутбуки ICL RAY. Один из основных недостатков за полтора года эксплуатации — хрупкий корпус. В некоторых случаях появлялась рябь экрана, возникали проблемы в матрице или шлейфе, были отказы периферийного оборудования — мыши и клавиатуры. Причина оказалась в USB-портах. Также проблемой стало отсутствие резервного источника питания BIOS — батарейки CMOS. Она отвечает за сохранение настроек параметров времени, даты и ключей безопасности. В начале года взяли в эксплуатацию ноутбуки Aquarius CMP NS483. Они совмещают функции ноутбука и планшета и отличаются высокой производительностью при относительно небольших габаритах. Впечатлило качество сборки, хорошо работает сенсорный экран. Из потребительских минусов — тяжелые. Сейчас проходит тестирование ноутбуков \"Гравитон\", Kvadra, \"Рикор\", Depo — все они с хорошими техническими показателями. Из выявленных замечаний — хлипкость корпуса, низкая эргономика клавиатуры, нагрев. Николай Козак Николай Козак добавил, что с электроникой очень хорошо работает теория малых шагов: «Если в постоянном режиме проводить доработку продукта, то и отечественные планшеты и ноутбуки постепенно начнут догонять лидеров рынка — китайцев, корейцев и американцев. Внушает оптимизм сам факт запуска такого производства у нас в стране. Ничего мгновенно не происходит, дадим коллегам время на рост. Уверен, там будут хорошие результаты».",
        "link": "https://www.ixbt.com/news/2023/07/24/hlipkost-korpusa-nizkaja-jergonomika-klaviatury-nagrev--poka-u-rossijskih-planshetov-i-noutbukov-est-nedostatki-no-oni.html",
        "source": 3,
        "tags": [
            101
        ]
    }
},
{
    "model": "news.post",
    "pk": 81,
    "fields": {
        "title": "Россиянин купил заблокированный iPhone под видом нового",
        "popularity": 100,
        "created_at": "2023-07-24T06:44:00Z",
        "text": "Россиянин купил заблокированный iPhone 11 за 50 тысяч рублей в сети ДНС, о чем сообщает «Новосибирск Онлайн». Позже выяснилось, что смартфон был заблокирован одним из операторов США. Пользователь рассказал, что он купил новый iPhone 11 с 64 ГБ флеш-памяти, однако дома при настройке смартфон он увидел сообщение о том, что SIM-карта недействительна. Оператор подтвердил, что никакой ограничений п SIM-карте нет. Днём позже мужчина обратился в магазин, консультанты безрезультативно пытались помочь ему. Потом я через приложение поддержки iPhone связался с компанией Apple, где оператор сообщила мне, что данный телефон заблокирован для использования одним из операторов США. В компании Apple сказали, что смартфон заблокирован и им нельзя пользоваться в России, можно попытаться связаться с американским оператором и попросить их разблокировать данный смартфон. Покупатель Фото: Елизавета Горячева / NGS.RU В ДНС уже прокомментировали ситуацию: «Вопрос был урегулирован полностью в пользу клиента. К сожалению, товар, поступающий по ПИ (параллельному импорту. — Прим. ред.), иногда может быть не предназначен для территории РФ — такие случаи выявляются и устраняются сразу же».",
        "link": "https://www.ixbt.com/news/2023/07/24/rossijanin-kupil-zablokirovannyj-iphone-pod-vidom-novogo.html",
        "source": 3,
        "tags": [
            102,
            103
        ]
    }
},
{
    "model": "news.post",
    "pk": 82,
    "fields": {
        "title": "Предупредит об ураганах, цунами, смерчах и других аномалиях. На орбиту вывели фурье-спектрометр ИКФС-2",
        "popularity": 6,
        "created_at": "2023-07-24T06:39:00Z",
        "text": "На орбиту выведен бортовой инфракрасный фурье-спектрометр (ИКФС) для дистанционного зондирования Земли, который был создан холдингом «Швабе», входязтм в госкорпорацию «Ростех». Устройство вывели на орбиту в составе метеоспутника «Метеор-М». ИКФС-2 измеряет исходящее тепловое излучение поверхности Земли и позволяет прогнозировать природные катаклизмы. Фото: КЦ «Восточный» / Роскосмос Фурье-спектрометр, выведенный на орбиту в комплектации метеоспутника, следит за перепадами давления, температуры, влажности, контролирует концентрацию газов в тропосфере. Это позволяет метеорологам более точно прогнозировать изменения погоды, в том числе в области экстремальных значений. На практике это поможет спасать человеческие жизни - заблаговременно готовить оповещения о надвигающихся ураганах, цунами, смерчах и прочих природных аномалиях. Аналогичный прибор, созданный на нашем предприятии, помогал следить за инфракрасными спектрами поверхности и атмосферы Земли в течение последних восьми лет. Он превысил предположительный срок своей службы на три года. По итогам полетной проверки наши специалисты доработали спектрометр и выпустили его модифицированную версию с расширенными функциями. Уверен, что и в этот раз устройство продемонстрирует наилучшие результаты. Исполнительный директор Ростеха Олега Евтушенко.",
        "link": "https://www.ixbt.com/news/2023/07/24/predupredit-ob-uraganah-cunami-smerchah-i-drugih-anomalijah-na-orbitu-vyveli-furespektrometr-ikfs2.html",
        "source": 3,
        "tags": [
            1
        ]
    }
},
{
    "model": "news.digest",
    "pk": 5,
    "fields": {
        "reader": 1,
        "created_at": "2023-07-24T08:50:08.841Z",
        "posts": [
            47,
            48,
            78,
            51,
            79,
            52,
            55,
            58,
            63,
            66,
            70,
            71,
            37,
            38,
            41,
            42,
            43
        ]
    }
}
]
